name,uid,phone,bus
张伟,,13800001001,1
李娜,,13800001002,1
王强,,13800001003,1
刘洋,,13800001004,1
陈静,,13800001005,1
杨磊,,13800001006,1
赵敏,,13800001007,1
黄海,,13800001008,1
周芳,,13800001009,1
吴涛,,13800001010,1
徐明,,13800001011,1
孙悦,,13800001012,1
胡博,,13800001013,1
朱雅,,13800001014,1
高飞,,13800001015,1
林慧,,13800001016,1
何鑫,,13800001017,1
郭欣,,13800001018,1
马超,,13800001019,1
罗平,,13800001020,1
梁宇,,13800001021,1
宋婷,,13800001022,1
郑刚,,13800001023,1
谢瑶,,13800001024,1
韩旭,,13800001025,1
唐睿,,13800001026,1
冯思,,13800001027,1
于晨,,13800001028,1
董萌,,13800001029,1
萧阳,,13800001030,1
程峰,,13800001031,1
曹雨,,13800001032,1
袁翔,,13800001033,1
邓佳,,13800001034,1
许乐,,13800001035,1
傅琪,,13800001036,1
沈昊,,13800001037,1
曾诗,,13800001038,1
彭志,,13800001039,1
吕建,,13800001040,1
苏梦,,13800001041,1
卢岩,,13800001042,1
蒋华,,13800001043,1
蔡文,,13800001044,1
贾鹏,,13800001045,1
丁霞,,13800001046,1
魏国,,13800001047,1
薛勇,,13800001048,1
叶军,,13800001049,1
阎杰,,13800001050,1
余欣怡,,13800001051,1
潘天宇,,13800001052,1
杜雅琪,,13800001053,1
戴浩然,,13800001054,2
夏诗涵,,13800001055,2
钟博文,,13800001056,2
汪嘉欣,,13800001057,2
田睿阳,,13800001058,2
任梦瑶,,13800001059,2
姜志远,,13800001060,2
范雨萱,,13800001061,2
方俊杰,,13800001062,2
石佳慧,,13800001063,2
姚宇航,,13800001064,2
谭思琪,,13800001065,2
廖浩宇,,13800001066,2
邹心怡,,13800001067,2
熊明哲,,13800001068,2
金雅婷,,13800001069,2
陆天翔,,13800001070,2
郝子涵,,13800001071,2
孔思远,,13800001072,2
白雨桐,,13800001073,2
崔晨曦,,13800001074,2
康若溪,,13800001075,2
毛嘉豪,,13800001076,2
邱紫萱,,13800001077,2
秦逸飞,,13800001078,2
江诗语,,13800001079,2
尹浩铭,,13800001080,2
钱思颖,,13800001081,2
龙峻熙,,13800001082,2
万梓萌,,13800001083,2
段子墨,,13800001084,2
雷可欣,,13800001085,2
侯文博,,13800001086,2
龚雨彤,,13800001087,2
邵明轩,,13800001088,2
洪思瑜,,13800001089,2
贺子豪,,13800001090,2
文雅馨,,13800001091,2
常博远,,13800001092,2
温可馨,,13800001093,2
武逸辰,,13800001094,2
柳思琦,,13800001095,2
施皓宇,,13800001096,2
顾梦涵,,13800001097,2
牛嘉琪,,13800001098,2
尚子轩,,13800001099,2
樊悦然,,13800001100,2
